California,Jamie Kipping,167
B-Series,Vicky Innott,223
Quest,Colene Skerm,240
del Sol,Casandra Calrow,170
Eclipse,Corbet Goss,245
X-Type,Gabrielle Grizard,137
XK,Petey Dallas,167
Sierra 2500,Hallsy Atto,171
F350,Dominica Wicklin,99
LS,Edsel Mallabone,195
RL,Ignazio Potbury,231
Sierra 1500,Mohandas Bolesworth,122
6 Series,Clio Bastide,98
100,Krishna Capun,174
Cutlass Supreme,Benetta Ruit,189
Corvette,Mortie Hardwick,121
Pilot,Chaddie Waterson,129
Eos,Lezley Pigeram,156
GLI,Chelsie Diess,214
Corolla,Leonidas Doog,133
XK,Yorgo Clarke-Williams,162
M5,Bonnie Bremmer,120
525,Stanley Pendlenton,112
Silverado 3500,Konstance Breese,171
Tercel,Allix Antonnikov,223
Truck,Roda Prator,252
Grand Vitara,Jandy Blance,233
Aero 8,Joline Pennicard,147
Pajero,Klarika Langsdon,122
Veracruz,Erina Leupold,208
Regal,Yoko Huke,158
Sequoia,Kellyann Bradane,142
Voyager,Wynny Maddra,188
CL65 AMG,Ciro Jennison,141
Envoy XL,Hanni Sumers,234
7 Series,Nowell Weeke,190
Grand Marquis,Cairistiona Aubin,168
626,Finn Gherardi,164
Escalade,Hansiain Newling,210
Mark LT,Kimberlee Richichi,210
Discovery,Jackquelin La Batie,255
S8,Sallee MacGeaney,221
Durango,Vince Hailes,213
Cooper,Franny Pluthero,182
Blazer,Rosalie Willeson,132
Rabbit,Vanny Climson,200
CLK-Class,Chandra Ollin,219
Bonneville,Ame Guttridge,122
Mazdaspeed 3,Ronnie Gomby,209
Dakota,Denny Dugald,186
X-90,Jillane Hayball,191
Sonoma Club Coupe,Patty MacGorman,125
M-Class,Homer Drew,250
Sable,Anabelle De Bischof,126
F250,Brigg Bindley,217
Regal,Elia Linzee,199
E-Class,Rae Huzzey,177
GS,Kellsie Rivalland,255
Grand Marquis,Bondon Harvatt,181
Ram 50,Prissie O'Suaird,247
525,Octavius Podbury,101
Pajero,Lezley Hassell,186
Ram 1500,Newton Pepperell,172
300E,Nevins Cadwell,224
E-Class,Amye Grout,102
F250,Wendeline Cloutt,133
300SE,Renell Livsey,118
Bronco,Melli Collington,154
STS,Giorgio Bummfrey,199
Envoy,Terry Pideon,254
Elantra,Howard Briskey,109
Esteem,Siouxie Rastrick,217
RL,Cynthia Revett,218
Jimmy,Chlo Kilbourn,250
Sierra 3500,Rey Spaxman,226
Falcon,Raymund Fairlamb,253
Silverado 1500,Halsy Aishford,168
ES,Gwenette Greydon,107
GTI,Gusella Balazs,210
Z3,Mitchell Souness,190
TL,Rurik Gooly,116
Rogue,Carla Richardt,122
7 Series,Pincas Basham,232
Mirage,Albertina Loughlin,125
Yukon XL 2500,Carolynn Vittel,99
Navigator L,Garv Rudsdell,129
Forester,Ralph Canadas,237
G-Series 1500,Kacie Schutt,210
Rio,Marysa Turland,148
Sable,Devora Pullin,145
SL-Class,Hubie Howler,217
CR-X,Dimitri Sirl,177
7 Series,Marney Rany,132
Monte Carlo,Kevon Handasyde,138
Sunbird,Augustus Lickorish,132
Colorado,Steven Paddison,131
Traverse,Dinny Janus,205
Quest,Lowe Hawkett,208
Sidekick,Jaquith Curteis,245
M-Class,Cindelyn Renol,236
Tundra,Boony Yurkov,144
ES,Skyler Dullard,142
ZX2,Katee Furlow,227
H1,Clio Ahrenius,186
Impreza,Daisie Reely,127
Civic,Hamish Gosneye,191
Tempo,Jeth Tickel,204
Element,Lazarus Esom,156
H1,Aimil Dann,165
300ZX,Wynn Dopson,170
Stylus,Howie Duckhouse,190
H3,Gale Cordey,177
Crown Victoria,Chevy Asee,127
Aveo,Matty Ubsdale,169
Leone,Ritchie Batho,200
Impreza WRX,Maible Bruckshaw,226
Quattroporte,Hamlin Gilham,168
DeVille,Constancy Dalla,152
Sentra,Berk Farrens,136
VehiCROSS,Tisha Mariault,196
XLR,Gerri Krugmann,229
Viper RT/10,Jefferey Hawkshaw,201
Express 2500,Bethany Cromblehome,239
Bronco II,Fredericka McIlvenny,132
Excel,Mohammed Echallier,162
Bravada,Pietra Ascough,210
1500 Club Coupe,Barbi D'Aguanno,228
Colorado,Cecilius Barke,109
Sebring,Tobin Wimmers,252
Phaeton,Wallace Matiewe,119
S4,Lacee Royden,110
Ciera,Raf Mixture,142
Dakota Club,Kipp Le Barr,188
ES,Giraud Hassent,119
Sonoma Club Coupe,Mariele Spurrior,157
IS,Calv Wigley,196
Solara,Cris Winchcum,236
Spectra5,Iain Legonidec,124
62,Jillayne Pasfield,190
Camry Solara,Hendrik Miebes,137
Savana 1500,Lindsay Berends,177
MX-5,Betteann Sallarie,169
Town & Country,Lawton Mellmer,190
JX,Justin Waller,126
Altima,Bell Josipovic,114
i-370,Jewel Realff,121
A4,Ameline Poyzer,226
Park Avenue,Roberto Cartmell,179
MX-5,Theodoric Linggood,212
Blackwood,Jaquenetta Ramiro,147
XLR-V,Nancey Luigi,133
Fury,Lyndsie O'Hoey,191
Accent,Amber Berrisford,115
E-Series,Rea Blues,113
Prelude,Mahmoud Winfindine,118
SL-Class,Nathanial Aisbett,110
Ascender,Lewiss McCathy,256
Envoy XUV,Francesca Killock,130
Arnage,Evaleen Esseby,129
LaCrosse,Warner Stiven,247
Bronco,Mallory Orvis,212
Club Wagon,Dorice Haucke,136
xB,Boothe Matonin,236
Routan,Willey Dodge,196
Corsica,Robbie Verbrugghen,105
Park Avenue,Cathleen Chedgey,231
X3,Moreen Grayley,124
M3,Kamillah Purkiss,221
Premier,Dody Gait,207
S-Class,Kare Peltzer,200
SL-Class,Joly Traut,118
RX,Twyla Capper,166
Range Rover,Davidde Ringer,154
Prelude,Harwilll Leverentz,101
Ram 2500,Fayina Nowill,195
XL-7,Pandora Cowpe,218
Skyhawk,Catarina Wicken,115
Maxima,Zelig Digan,124
B-Series Plus,Ginger Folkerts,128
9-3,Delinda Tubridy,123
Malibu Maxx,Christie Cheston,143
Monte Carlo,Cindi Trolley,152
Yukon XL 2500,Kaylil Tucknutt,214
C8,Forbes Smallthwaite,254
E-Class,Selia Probert,207
Azera,Merell Alessandone,246
Truck,Othella Macenzy,256
Taurus,Quint Capstaff,144
Range Rover,Marmaduke Dilliway,98
Sportage,Yard Heinert,222
Cabriolet,Josepha Godley,111
M5,Maddy Nicholas,123
Shadow,Gino Chesson,199
Ram,Carla O'Sheils,197
Park Avenue,Harriet Lello,209
Sportvan G30,Cara Enrique,169
Cabriolet,Micheline Hambers,227
Cherokee,Shantee O'Keevan,240
Celica,Trev Siburn,232
Grand Marquis,Nikolaus Clute,241
Impreza,Binnie Bernhardi,233
Prowler,Jo-anne Augustine,109
Astro,Alvera Swatland,249
DTS,Britt Mansford,228
Bronco II,Wilie Giraudou,199
Corvette,Sheila-kathryn Trail,207
Safari,Viviana Hickford,242
Explorer,Josefina Glyde,169
F450,Jammal Orange,218
6 Series,Bendicty Long,124
Corolla,Rosalie Bernini,162
G,Aurthur Batisse,184
GL-Class,Ruddie Ferrolli,238
Q5,Aron Le Blanc,155
Optima,Abbye Silly,195
E250,Jacquelynn Vakhlov,167
Scirocco,Augustine Orcas,116
Astro,Ilka Lindborg,155
XG350,Eleanora Lawday,178
Terraza,Freddy Shea,139
G,Rickard Cade,120
S80,Brand Devinn,213
Yukon XL 2500,Timmy Reinger,234
Seville,Mitch Plumb,223
Tundra,Brooks Lathee,145
Mustang,Isac Gonnard,107
Cooper,Allyce Raiker,159
MKZ,Lorens Itter,161
Civic,Sharla Bilby,186
5 Series,Carma Clewley,152
B-Series,Pryce Chesman,213
Integra,Corabel Brownlow,245
Grand Am,Tansy Mossop,143
88,Naoma Rainsbury,174
Ram Van 1500,Phip Coutts,100
CTS,Ettore Andrzejewski,253
Golf,Riordan Kippax,133
Boxster,Allx Emnoney,164
Tahoe,Ty Cammidge,249
Familia,Feodor MacBrearty,227
Lumina,Kipp Sponton,236
Ram 3500,Winifield Shirtliff,199
1500,Linnea Sedman,173
Dakota Club,Rickert Blamey,227
626,Annmaria Cote,104
Caravan,Tannie Debney,236
Diamante,Toby Wittman,198
Sable,Annabelle Alstead,110
3 Series,Nealson Coakley,148
9000,Michele Limbert,247
Landaulet,Neall Gunny,233
XT,Victoria Burlay,201
Evora,Mallory Henmarsh,200
9-7X,Bartolomeo Winskill,231
Firebird,Dylan Keward,120
Explorer Sport Trac,Yance Dilnot,178
Town Car,Alberta Perren,194
SL-Class,Lorens Pittford,242
Odyssey,Bastien Son,210
Elan,Hendrik Oxtarby,182
Eos,Thalia Geffen,231
Q5,Griffy Rosenauer,253
Sentra,Allyn Inger,151
E-Series,Christabella Wadwell,107
Volt,Genna Derye-Barrett,109
Corvette,Antoni Juggings,238
530,Laurena Allonby,113
Ridgeline,Ruth Tams,180
5 Series,Nellie Waterland,221
Rodeo,Laverna Mallett,194
Jetta,Mill Lambdon,204
M-Class,Billy Tregaskis,111
Quest,Joye Tremayne,173
Grand Marquis,Winthrop Eyeington,110
Defender,Nevsa Rodmell,216
944,Anthony Ferryn,114
MKS,Nefen Marcroft,213
Suburban 1500,Harri Yurkevich,129
B-Series,Armando Miskelly,178
Daytona,Loren Briston,158
LX,Irina Alyukin,237
Maxima,Paula Theobold,206
XJ Series,Ariela Escala,142
Navigator,Miranda Ferries,138
600,Bran Alexandersson,186
Golf,Iona Brandrick,145
Durango,Seamus Lindenman,113
Discovery,Tanitansy Placidi,235
Continental Flying Spur,Toby Munt,145
Prizm,Thoma Reach,210
RL,Falkner Revie,166
E250,Vassili Candlin,157
300,Gretta McHenry,132
Yaris,Valera Bend,202
Cabriolet,Teressa Cady,240
Grand Prix,Conny Phelit,173
ES,Toni Surmeyers,238
Escape,Shalne Pitrasso,186
Quattroporte,Felice Hansill,110
5000CS,Lanae Charity,172
Sierra 2500HD,Adolphe Euplate,126
Diamante,Eldredge Dilks,140
Fleetwood,Osbourne French,99
Range Rover,Demetris Piolli,125
S80,Egon Klement,155
Camry,Crawford Tomaselli,122
Riviera,Emlen Forryan,233
Boxster,Eleanora Cranke,177
Venture,Bee Ayllett,150
Express 1500,Jennica Rudsdale,141
Range Rover Sport,Lew Simonich,248
S40,Rhona Paunton,219
MKS,Winfield Beart,200
Safari,Glynnis Liggens,195
240SX,Anderson Spedroni,225
Th!nk,Hewet Craydon,154
Monaco,Jyoti Pedgrift,221
Transit Connect,Ange Kunzler,208
Mirage,Gwynne Van den Hof,236
3 Series,Shalna Vlasenkov,102
Avalon,Nina Watsam,244
Tahoe,Junie Stairmond,130
9-5,Devon Bauchop,157
Scoupe,Goran Pigdon,242
Civic,Ava Phelip,153
Corvette,Cortney Tague,191
Santa Fe,Gweneth Woolam,147
Mustang,Brittany Mounsey,213
Diamante,Jerrilee Tousy,243
Voyager,Layne Pettendrich,234
GLI,Kenny Meletti,213
Eurovan,Charline Watford,152
F430,Kirbie Pritchett,151
Corolla,Duane Bedding,214
Transit Connect,Dory Gaudon,197
Astro,Mendie Jellis,253
STS,Gypsy Cassimer,242
SLX,Herby Ewing,171
Savana 3500,Mufinella Thonason,145
Boxster,Nye Comer,103
Savana 1500,Ronnie Jessard,242
Yukon,Phyllys Pegg,194
Golf,Josepha Chalk,131
XC70,Pavlov Colafate,177
Integra,Cyrill Smallthwaite,230
Yukon,Olag Lante,172
Yukon,Alayne Thorouggood,101
B-Series,Gertrud Junifer,144
Regal,Mara Canby,133
300SL,Coralie Sleight,242
Z4 M Roadster,Charissa Dziwisz,252
Skylark,Lydie Furlow,154
Suburban 1500,Brittani Bentjens,234
F-Series,Marji Casina,130
Murci√©lago,Kingsley Goodin,109
Cabriolet,Lilas Skiplorne,113
Elan,Lebbie Coggan,172
Tacoma,Theda O'Rodane,140
Legend,Shayla Stocks,223
Mustang,Sallie Assel,134
Mustang,Reba Hutcheson,105
Amigo,Marieann Medford,182
Pajero,Winny Allatt,123
Mulsanne,Onida Cheak,241
Soul,Jeralee Betho,116
Silverado 1500,Baily Jedrychowski,103
Truck,Kipper Grishechkin,239
riolet,Letty Brandham,202
Avalon,Ashlie O'Henehan,151
Continental,Rudolfo Wetherell,156
LX,Godwin Sheron,204
Range Rover,Boote Manvelle,182
i-Series,Ward Feares,237
HED-5,Moise Ivanuschka,183
Echo,Vicki Stoltz,226
E250,Giffy Clarke-Williams,105
Galant,Willy Maplethorpe,148
Avalon,Hyacinthe Armiger,138
Fit,Emelita Harkins,112
E-Class,Blondelle Langmuir,113
Vigor,Dulcinea Tailby,177
DeVille,Elisha Dumblton,228
QX,Jeremias Pactat,129
Journey,Burtie Eddington,253
600SEL,Silvano Deller,243
Vision,Garnette Huggens,215
Sunfire,Eugenio Haggerwood,191
S5,Lynna Dillingham,135
3 Series,Candy Overthrow,164
Biturbo,Ransell Corwood,111
Roadmaster,Johnathan Abrahim,246
Ascender,Arlee Guillain,116
TundraMax,Kessiah Randles,197
5 Series,Virgina Hennington,198
8 Series,Dareen Pilkington,179
Civic,Zebedee Quarless,219
Forester,Dorothee Canfer,134
Suburban 2500,Cyndi Mattocks,168
Aerostar,Britt Yanyushkin,193
Challenger,Georgeanna Lodwick,205
Firefly,Anatola Cunnah,101
944,Riki Lawland,119
Vandura 2500,Sawyer Hagergham,227
Sportage,Yard Fenimore,223
3 Series,Port Misk,105
Savana 2500,Isabeau Staker,173
Tracer,Cordell Cattrell,146
Rodeo,Patti Friman,196
DB9 Volante,Anett Andries,109
Altima,Cristie Taylerson,146
Jimmy,Josephina Chadderton,162
Explorer,Erskine Du Fray,143
9000,Ferd Broscombe,209
Sierra 2500,Page Ossenna,218
Discovery,Jeno Hickford,155
Bravada,Ximenes Jurgensen,226
Outlander,Ramsay Gaylard,125
F350,Chancey Burds,244
Tempo,Elyse Parham,101
RL,Oralla Letchmore,237
Truck,Fawne Revans,133
Grand Am,Barry Petticrew,206
Precis,Lynnett Didsbury,219
S6,Elna Fullom,201
GTO,Jami Guiett,126
Explorer,Nels Feedham,171
Maxima,Kliment Ebben,198
LeMans,Jermain Seage,116
SL-Class,Odelinda Caulier,239
Fox,Chrysler Talman,118
944,Sigismondo Warbeys,112
9000,Floria Cullen,123
Compass,Alidia Lowrie,226
Escape,Wyn D'Alessio,170
G35,Lanny Batchellor,243
Gemini,Britteny McManamen,161
Tempo,Wynnie Palfrey,244
Grand Vitara,Ferdinanda Charkham,128
LeSabre,Arny Kief,206
Starion,Joni Topliss,233
Avalanche 1500,Rahal Scatchar,167
Rendezvous,Fanni Tosh,160
Trooper,Merrill Braysher,159
Range Rover Sport,Gay Ropkes,138
ES,Welsh Loweth,168
Golf,Stefanie Soff,199
4000s,Eba Pile,149
4Runner,Freida Chang,212
B-Series,Carmella Setter,179
Grand Voyager,Chevy Syseland,200
S80,Donia Janecki,207
Century,Sofie MacCaffrey,215
Thunderbird,Jinny Ohrtmann,129
3500,Matt Flewett,187
626,Willard Matschek,201
Cabriolet,Cord Lacrouts,246
MX-5,Kristal Hendrickson,121
550,Gaylene Sich,242
Quest,Barbara Annand,103
Cherokee,Chaddie Bartlomiejczyk,100
Savana 2500,Tim Attwater,109
Range Rover,Mae Ivasyushkin,161
Express 1500,Kacey McMyler,206
Viper,Jaclyn Dodge,174
5 Series,Jeno Siggs,167
Ram,Davon Oldman,232
MX-5,Sile Garforth,169
CL-Class,Wallache Berecloth,230
SC,Jarrett Unworth,214
Echo,Carolyne Vockings,185
Elan,Ree Enrigo,121
Suburban 2500,Jandy Thumim,244
Bonneville,Marmaduke Boise,155
Topaz,Alic McGiveen,125
DeVille,Jeanne Leonards,160
C/V,Laraine Spinney,141
S10,Sander Gandy,238
Camry,Neddie Putton,188
VUE,Denice Pietz,152
A4,Giacinta McGiffie,149
Durango,Aimil Stent,174
Corolla,Hyacinthe Stilly,128
Town Car,Lindsy Wrightim,235
Seville,Matty Pietruszewicz,139
Sequoia,Sandi Gounet,152
S-Class,Maryanne Nyland,214
Montero,Hailey Tibbs,185
5 Series,Cara Overington,141
TL,Melosa Fairbrass,176
Grand Cherokee,Mellisa Eloi,249
626,Cheslie Lillee,121
riolet,Hercule Dolan,150
Ram Van 1500,Eugenio Smead,162
Lucerne,Tessy Capenor,183
Frontier,Prentice Applegate,143
Rogue,Waly Nelm,198
Pajero,Dennis Cassimer,132
Amanti,Fianna Eles,233
Eldorado,Petunia Allnutt,184
Expo,Jayme Leas,168
Avalanche 2500,Guglielmo Gigg,189
Mark LT,Conni Portriss,239
Nitro,Noak Kobus,120
Pilot,Lamond Nellies,138
Tiburon,Northrop Ellison,139
Montero,Kale Valentelli,201
Lumina,Issiah Silverthorn,196
3500 Club Coupe,Perry Frentz,111
I,Mariya Ison,192
F350,Levey Stiller,176
Legacy,Letisha Scrase,99
300D,Mendie Krochmann,197
300TE,Bank Greenroyd,142
Laser,Dawn Crowd,208
SX4,Arney Tenbrug,156
Monte Carlo,Chiquia Goose,165
Mustang,Yehudi Payne,203
Impreza,Reade Hoggan,231
V50,Albert Zorzetti,138
Scoupe,Julie Coldwell,170
Civic Si,Babita Lemery,157
Sentra,Janeva Giovannini,171
Civic,Ursuline Doul,202
Gallardo,Fina Karpenko,226
Mentor,Anna-diane Karus,238
V50,Faythe Voisey,145
Miata MX-5,Gwyneth Davydochkin,158
A7,Humbert Lowin,254
Quest,Ninnetta Bloy,156
Passat,Kaylee Worthy,189
Paseo,Anders Jelliman,157
G,Loralie Bichener,209
Corsica,Niki Culkin,189
5 Series,Raymond Eckersall,212
Cirrus,Shandee Batchan,103
MX-5,Dotti Sorrill,102
Silverado 2500,Peyter Atthowe,129
Festiva,Franciskus Kmietsch,196
F-Series,Israel Stryde,157
Sportage,Laural Bothe,222
Equinox,Melicent Atherton,251
XC70,Clerissa Oldman,188
M3,Starlin Jobbings,163
Equator,Daniele Olivas,124
Charger,Dulcinea Antonucci,116
B2000,Jaimie Gladdor,143
Dakota,Ulrich Janouch,255
Impreza,Moyna Hindhaugh,121
Sierra 1500,Cathlene Dominique,208
Endeavor,Adele Dot,251
Miata MX-5,Tiffani Althorp,121
Aspen,Farrand Juckes,214
Electra,Dorisa Bohills,247
Excel,Claudell Samart,200
J,Adolpho Merwe,250
Frontier,Ashley Gask,205
Rogue,Duffie Josefsen,178
T100,Remus Squelch,200
F430 Spider,Lilias Zollner,230
LHS,Donnamarie Lelliott,211
Sephia,Rosalie Plaice,157
Corrado,Jeanine Salmoni,215
3 Series,Merilee Treneman,156
Firebird,Matthus Cecil,135
Tacoma,Aleece Greenhough,237
GX,Thedrick Marfield,103
Grand Vitara,Alexandrina Stroband,179
Mark VIII,Grace Gatiss,199
F-Series,Rubetta Posvner,162
Silverado 2500,Letti Lautie,132
Mustang,Gar Pettisall,202
S4,Izabel Waddy,194
Escalade EXT,Merrile Wethey,223
Suburban 2500,Dulcinea Woolland,110
Mustang,Marylynne Jedryka,246
DB9,Hedvige Lemin,228
EXP,Craggy O'Towey,252
626,Savina Cuniffe,232
F150,Agnes Halburton,212
Sunbird,Rinaldo Symcox,203
Tundra,Lisetta Dow,201
RX,Jarib Plumb,178
Daewoo Lacetti,Karry Louder,201
Malibu,Ara Corbally,166
S-Class,Maritsa Summerlad,113
Club Wagon,Sergent Cabble,217
Firebird,Celestia Surtees,190
TSX,Debby Hof,151
Continental,Kenneth Howels,115
Ranger,Nelie O'Rowane,145
SLS-Class,Gilberte Gartin,135
Express 2500,Desiree Drieu,247
Explorer,Jeanne Adamovitch,180
Cougar,Ki Jikovsky,115
Bonneville,Burr Jurges,132
CX-9,Randy Sterricks,191
S4,Koral Essam,206
Shadow,Stanly Boundley,246
Gallardo,Prudence Craghead,230
RAV4,Brnaba Mitchelhill,229
Ranger,Daveen Newbury,116
Rally Wagon G3500,Ricardo Munehay,254
Ghost,Chan Espasa,236
Corvette,Dorella Garrud,230
Vandura 2500,Rudolfo Boyne,158
XJ Series,Care Savell,179
L-Series,Gayelord Andric,151
A3,Lura Stonestreet,253
3500,Lorianna Maybury,245
Freelander,Oliver Brend,107
Lynx,Berne Kingman,164
Passat,Jeana Southorn,181
G5,Madeleine Vigurs,141
Passat,Reg Loads,102
Tacoma Xtra,Ted Lackham,212
SLK-Class,Dianne Christin,252
Savana 1500,Selena Dudding,114
Suburban 1500,Bern Ebsworth,178
57,Hyman Mea,252
Sportage,Clo Lummasana,225
Dakota,Ennis Abrashkov,100
626,Antony Wigfield,248
TL,Van Abriani,239
Maxima,Alfy Beeho,110
Blazer,Clareta Mehaffey,254
S-Series,Leland Barriball,243
Envoy,Judah McMyler,173
Accord,Talbot Tumbelty,230
Trooper,Jobey Goreisr,195
TT,Blondell Spellsworth,168
Veracruz,Leanna Baldocci,223
Yukon,Sasha Spacey,184
Tempo,Coriss Loft,218
Xterra,Hal Meineking,207
9000,Shandy Hegley,227
Tacoma,Daniele MacCart,178
Sunbird,Kalinda Kristufek,202
Santa Fe,Yank Matten,241
L-Series,Sander Matzkaitis,175
Exige,Salomo Dredge,187
Continental GT,Maxwell Jakab,233
Camry,Reinhold Martinie,192
TundraMax,Ernesto Lanmeid,212
928,Melody Domleo,125
Corolla,Jobyna Jardin,250
Suburban 2500,Dara Wiggam,229
Envoy,Olvan Biford,247
525,Lelah Mountford,107
S4,Devon Farnworth,182
5 Series,Pris Burdis,125
H2 SUT,Alon Fice,133
RAV4,Dannel Fawlks,131
Cobalt,Vanna Walsom,220
Torrent,Jaimie Frearson,169
6 Series,Geri Edwicker,134
Passport,Amaleta Kleinerman,112
Tiburon,Aurore Gillott,128
ZDX,Marrissa Raft,112
Avenger,Cosimo Georgel,122
Ram 1500,Dominique Fancy,177
SJ,Elwood De Anesy,116
350Z,Reinhold Lempertz,227
DBS,Danni Ackwood,251
Sequoia,Michelina Staggs,170
Astro,Johnette Leavens,146
Grand Marquis,Patty Grob,114
Tempest,Irina Hutchings,214
Tercel,Alika McGowing,193
Grand Caravan,Wilfrid Philippart,250
F350,Wilhelmina Crock,143
SLS AMG,Cos Shewon,141
Elantra,Mead MacIver,134
LeSabre,Elfrieda Greggs,219
E150,Mab Sparrow,233
Carrera GT,Halli Harmer,125
XJ Series,Arv O'Sculley,123
S4,Gillian Whatmough,167
MX-5,Arabela Pummell,172
V70,Lucian Pike,202
Avenger,Gerty Crossthwaite,244
Silverado 3500,Stefano Byng,225
X5,Gregor Hiland,139
SL-Class,Anallise Rable,253
98,Eudora Menci,238
LR3,Krispin Tranter,231
Express 1500,Elvin Eichmann,243
6000,Lester Debold,192
500E,Fons Heinke,245
IS F,Massimo Espinal,181
Sunfire,Meier Cortese,146
del Sol,Mohammed Nelm,168
XLR-V,Gal Garric,218
Envoy XL,Aldrich Kalvin,197
Sequoia,Gillian Ree,101
Ram Van 2500,Kalli Dore,205
Mazda6,Bridget Gapper,110
Odyssey,Lynea Ilewicz,126
S6,Upton Grenshiels,117
Ram 1500 Club,Derrek Larne,115
900,Gerard Bonnavant,244
Firefly,Gardiner Glaysher,215
Daytona,Bartlet Bartlomiej,219
Corvette,Valentine Colwell,248
Esprit,Nevile Adamovitch,218
Sonoma,Symon Stirrip,127
Millenia,Niko Hall,109
Sidekick,Yorker Veivers,112
GLK-Class,Christiane Barabich,109
Grand Marquis,Maitilde Warke,151
GTO,Lew Peye,115
Camaro,Glori Wyss,204
Frontier,Madelina Culham,154
Crossfire,Teddy McKeurtan,131
ES,Nikki Lascelles,238
Suburban 2500,Padraic Hoopper,187
929,Tudor MacAlister,100
SJ,Retha Rootham,255
Scirocco,Lenci Balfe,136
1 Series,Caresse Karpf,138
626,Elke Stormonth,226
SJ,Clayton Mollindinia,141
Xterra,Farah Pipkin,113
458 Italia,Dori Hungerford,119
Explorer Sport,Dannie Charle,149
G-Series G10,Glori Grigore,109
Genesis Coupe,Saw Acom,234
Grand Prix,Genvieve Oleksinski,251
Aveo,Clair Valenta,135
Yukon,Hugibert Greendale,243
Explorer,Glad Britzius,165
E250,Sibella Balston,193
Diablo,Perla Grimwad,187
LR4,Anne-corinne Kennaway,140
Coupe GT,Shannon Organ,173
Aries,Debbi Lindelof,211
Trans Sport,Sim Winsper,131
9-5,Neill Rosenstiel,194
Escape,Courtnay Staley,149
Navigator,Noel Venmore,165
Camry Hybrid,Tedie Saby,115
Dakota,Olenka Seemmonds,207
Monte Carlo,Jacinthe Levesque,196
Dakota,Waldo Rowledge,101
SLR McLaren,Merle Polson,196
B-Series,Perceval Shimoni,245
Camry,Marquita Waything,138
TL,Sharl Marion,160
Ascender,Randie Affleck,171
Ranger,Winny Pope,214
GTI,Mart Gallard,220
Charger,Kass Fonteyne,109
SLS AMG,Frasquito MacBrearty,105
Integra,Margaretha O'Flaverty,193
S-Series,Katherina Demead,102
Accent,Randell Spawforth,236
Premier,Venita McGinley,128
MX-5,Melinda McCrory,240
3500,Puff Tallquist,213
Hombre Space,Terri Peace,152
Grand Caravan,Basilius Flewett,151
Park Avenue,Anna-maria Lamburne,235
Corvette,Fred Creasy,195
Avenger,Arabel Singleton,249
RX Hybrid,Cameron Brammar,188
Escalade,Flora Teape,167
ES,Myrilla Brunet,178
Biturbo,Drake Clayton,111
GTI,Nickie Presslie,188
7 Series,Jarret Boake,238
Arnage,Terencio Mora,193
Truck,Sharyl Skayman,232
TL,Normy Tomasutti,172
ES,Raf Hayland,183
Galant,Terry Codner,137
Taurus X,Carey Couldwell,220
Fusion,Maynord Feare,241
Excel,Vin Bethune,158
rio,Lydia Joao,185
SVX,Judith Cradoc,147
Yukon XL 1500,Dosi Mantz,131
S40,Gib Collen,99
Cougar,Dannie Ashforth,139
Explorer Sport Trac,Harrie Colthard,174
Taurus,Garek Bligh,174
Sedona,Robers Issett,168
Routan,Francois Sugar,114
Lancer Evolution,Alec Hurn,125
Sigma,Bernete Mundie,157
L300,Charin O'Fihily,211
Legacy,Bar McComb,174
Terrain,Rutter Jankiewicz,199
GTI,Garrek Cristofori,111
Panamera,Jules Ladyman,167
Navajo,Alphonso Dabrowski,248
Axiom,Arte Coffey,127
Verona,Devy Bachmann,229
TL,Diana Hegdonne,239
Pacifica,Brant Hendin,176
Concorde,Clark Konertz,196
Neon,Lonny Lukacs,137
RL,Lauritz Hekkert,200
Tercel,Rachelle Gorringe,225
Aero 8,Bathsheba Roddell,135
Echo,Osbourne Stansby,188
Phaeton,Augy de Villier,256
Accent,Aimil O'Flannery,253
280ZX,Gaston Turbill,146
LeBaron,Julie Ensley,220
Econoline E350,Zeb McCall,235
Escalade,Aurelia Brockley,182
Ram 3500,Gilbertina Wildman,181
Galant,Rees Kield,112
Grand Marquis,Karoly Soggee,255
300M,Vasily Arkwright,197
Jetta,Caralie Barrable,121
Ram Van B250,Rusty MacIver,251
Ram Van 1500,Rozina McNirlan,122
Civic,Hersh O' Brian,222
SJ,Nannette Northridge,104
Impreza,Brett Skerm,245
Firefly,Goldi Legrice,200
Traverse,Cathie Worthing,212
Skylark,Netta Lurner,216
Passat,Weylin Taill,202
Ascender,Calhoun Bradden,139
57S,Remy Oxnam,116
V70,Trever Coffee,158
Century,Poppy Witherbed,237
Ranger,Renell Dmtrovic,140
Fiero,Lynna Durward,244
Ranger,Evangeline O'Moylan,221
Regal,Zachariah Kempe,219
E350,Felicia Lacotte,233
Econoline E150,Nollie Gidden,178
Uplander,Clarisse Groom,173
rio,Bruce Hinrichs,187
Express 2500,Sargent Woodruffe,207
Cayenne,Karel Trustey,189
HS,Rebe Chessum,232
Eclipse,Hilda Portlock,119
Camaro,Cooper Siggs,234
2500 Club Coupe,Clevey Thayre,155
Venture,Denver Bartosinski,172
Tacoma,Sayers Durrand,149
Hombre,Ingar Evens,207
Ram Wagon B150,Goldina Jonathon,152
Grand Marquis,Loria Forber,245
A8,Matthiew Casacchia,233
S40,Chuck Lamborne,238
Aura,Meade Longman,150
C70,Jaime Villa,115
Accord,Burnaby Organer,248
Outback,Wyndham Riccione,242
F150,Ana Menear,228
Monza,Curran Sange,128
M,Michal Durward,172
190E,Carver Vigar,106
Colorado,Nickie Leechman,102
4Runner,Larry Fortune,208
Fit,Etienne Tedorenko,182
Lumina,Estevan Withinshaw,222
Malibu,Dominic Rous,191
Elise,Amandi Ramet,209
RX,Josey Wooderson,129
Econoline E150,Nicol Becconsall,149
Grand Marquis,Melania Taunton,118
Silverado,Caren Leagas,156
Laser,Morie McClaren,200
A4,Mayer Peevor,104
XLR-V,Coleman Trobe,154
9000,Reba Erdes,191
Prowler,Jonas Browning,118
Legacy,Hildagard Liversage,121
Millenia,Tate Tregust,181
Nubira,Clevey Dougher,168
Catera,Lucita Bernaldez,139
Seville,Doretta Chinnock,143
Titan,Langsdon Bettenay,178
Excursion,Brynne Mulrean,183
Excel,Madella Seakings,195
200SX,Maris MacKowle,126
Sunfire,Tabb Mainson,135
X3,Ambros Engelbrecht,249
Terraza,Linc O'Loughlin,119
Mustang,Ysabel Luard,253
Grand Cherokee,Meg Berrey,175
Torino,Warde Boichat,214
Pathfinder,Tabb Mulder,102
Firebird,Joey Eke,106
Express 1500,Freeland Naulty,164
1500,Remington Salvati,189
Prelude,Elaine Walthew,173
Cutlass Supreme,Shel Markl,243
IPL G,Stephani De Beneditti,188
Amanti,Em Ivashnyov,239
Integra,Colline Arlett,202
207,Tania Pybus,140
4Runner,Rochelle Escale,181
Tundra,Read Brussels,123
Forester,Pascale Heathfield,122
Spider,Hart Cuddehay,183
Festiva,Maryjane Sainsbury,118
NSX,Daune Vidineev,138
Cayman,Aurilia Brundle,154
Odyssey,Libbey Danzey,248
Tucson,Courtney Grazier,153
Daytona,Skippie Kobpa,198
Quattroporte,Arron Bunney,137
Quattroporte,Sibel Baldacco,171
Grand Marquis,Rhianon Probate,201
Coupe,Alidia McCollum,178
Tacoma,Wyatt Goodban,108
Celica,Gregory Gurrado,244
500E,Findley Drinkel,105
Century,Rosaline McHan,113
Charger,Glynis Itzkowicz,226
Odyssey,Prince Wilshaw,124
riolet,Clementine Ellingham,245
Avalanche,Aube Mulroy,136
3000GT,Daphna Stilling,186
APV,Conrad Kenwell,149
Dynasty,Carson Kordas,105
RDX,Isabella Kiefer,159
430 Scuderia,Alberta Oran,176
SL-Class,Winfred Beton,253
Express 1500,Perri Casseldine,235
GX,Arvy Gradwell,175
Solara,Matteo Jakuszewski,182
3 Series,Benedicto Sotheron,148
300,Em Mayer,221
Swift,Leoine Lantoph,230
xB,Costa Langwade,255
XC90,Horace Gooden,164
ES,Jordanna Jeroch,236
Starion,Suzanne Griswood,159
XLR-V,Gualterio Fulks,256
XC70,Kylie Yare,161
Cayenne,Karim Barson,108
Bronco,Ninon Harston,143
Suburban 1500,Calv Ronci,110
Lancer Evolution,Dion Mandrey,171
500E,Aldridge O'Siaghail,166
Maxima,Jacintha Khrishtafovich,250
A4,Kipp Crippill,208
Regal,Galven Spurryer,134
88,Ignacius Westman,148
Sebring,Agustin Legat,228
Thunderbird,Donica Strippel,254
Swift,Natassia Crudginton,176
PT Cruiser,Merrie Pavek,162
S10,Emory Bucknall,160
Hombre,Bethena Eastes,130
Touareg,Devi Clerk,115
Pathfinder,Kathryne Tenaunt,111
Tundra,Neda Szanto,208
Pajero,Kacey Mountcastle,154
Integra,Corly Lewsam,123
MDX,Caspar Kippie,199
Type 2,Olivier Sevier,155
Continental Mark VII,Inigo MacNucator,179
Electra,Aharon Vanstone,103
Genesis Coupe,Laurent Stit,120
Mystique,Fina Bloyes,173
RL,Georg Brizland,149
Tacoma,Bobbi Ebbens,119
1500,Reena Millimoe,211
CR-V,Alberto Thirst,226
MX-6,Hetti Flieger,197
900,Joelynn Tibbs,154
TrailBlazer,Bronnie Varlow,129
Grand Cherokee,Franny Cregg,234
Eldorado,Beryle Croisdall,244
90,Adda Tordoff,214
Expedition EL,Alta Clemas,225
Breeze,Jess Fleming,155
G,Hartwell Brayn,221
S60,Gram Arniz,104
E150,Ericha Labba,156
Savana 1500,Giacopo Elford,137
Xterra,Jameson Wynch,219
Titan,Valida Westberg,156
S60,Brittni Gealle,183
9-5,Enrique Measor,198
T100 Xtra,Padriac Pollendine,175
SL-Class,Ebony Grew,188
900,Philipa Worcs,206
Justy,Jori Riddiough,250
Countach,Margret Playdon,133
GX,Almire Rickhuss,137
Cube,Tuesday Sheard,127
Cavalier,Hardy Rand,194
Equus,Claire Pybus,116
Murano,Aloisia Drogan,119
Sedona,Lorrayne Stuckey,122
Aspen,Nada Padillo,137
Eurovan,Erina Glass,232
Ranger,Teresa Gilphillan,205
Escalade,Rianon O' Brian,249
6 Series,Emmy Peebles,211
3500,Mikkel MacCleod,247
